<?xml version="1.0" encoding="UTF-8"?>


<beans xmlns="http://www.springframework.org/schema/beans"
	xmlns:xsi="http://www.w3.org/2001/XMLSchema-instance"
	xmlns:context="http://www.springframework.org/schema/context"
	xsi:schemaLocation="http://www.springframework.org/schema/beans http://www.springframework.org/schema/beans/spring-beans.xsd
		http://www.springframework.org/schema/context http://www.springframework.org/schema/context/spring-context-4.3.xsd">

       
      <!--   <bean id = "c" class = "com.cg.spring.core.beans.Customer" autowire = "constructor">-->
     <bean id = "c" class = "com.cg.spring.core.beans.Customer">
      <property name = "fname" value = "Sukesh"></property>
      <property name = "lname" value = "Korrapati"></property>
      <property name = "list">
      <list>
      <ref bean = "addr"></ref>
      <ref bean = "addr2"></ref>
      </list>
      </property>
      <property name = "set">
      <set>
    <value>Hello</value>
    <value>WhatsUp</value>
      </set>
      </property>
      
      <property name = "map">
      <map>
      <entry key = "101" value= "Kerala"></entry>
     <entry key = "102" value= "Hyderabad"></entry>
      </map>
      
      </property>
   <!--  <property name= "addr" ref ="addr"></property> -->
      <!--   <constructor-arg name = "fname" value = "Sukesh" ></constructor-arg>
       <constructor-arg name = "lname" value = "Korrapati" ></constructor-arg>-->
       
       </bean>
       
       <bean id = "addr" class = "com.cg.spring.core.beans.Address">
       <property name = "city" value = "Hyderabad"></property>
        <property name = "state" value = "TS"></property>
     <!--  <constructor-arg name = "city" value = "Hyderabad" ></constructor-arg>
       <constructor-arg name = "state" value = "TS" ></constructor-arg> -->
       </bean>
       
       <bean id = "addr2" class = "com.cg.spring.core.beans.Address">
       <property name = "city" value = "Bangalore"></property>
        <property name = "state" value = "Karnataka"></property>
		</bean>

</beans>
